parameter,baseline_units_2030,units_2030_minus,units_2030_plus,delta_units_minus,delta_units_plus,baseline_roi,roi_minus,roi_plus,baseline_npv,npv_minus,npv_plus
K target (±10%),1677782.1008468296,1510003.8907621466,1845560.3109315124,-167778.21008468303,167778.2100846828,0.8774786060776879,0.8774786060776879,0.8774786060776878,98208705.7077483,88387835.13697347,108029576.27852312
Growth rate r (±10%),1677782.1008468296,1630653.2272061657,1719930.1687444546,-47128.87364066392,42148.067897625035,0.8774786060776879,0.9317411865654387,0.83146970571456,98208705.7077483,102122587.1086334,94677333.43918261
Reduction pct (±20%),1677782.1008468296,1677782.1008468296,1677782.1008468296,0.0,0.0,0.8774786060776879,0.5019828848621503,1.2529743272932254,98208705.7077483,51259267.08920318,145158144.3262934
Annual spend (±20%),1677782.1008468296,1677782.1008468296,1677782.1008468296,0.0,0.0,0.8774786060776879,0.5019828848621503,1.2529743272932254,98208705.7077483,51259267.08920318,145158144.3262934
CAPEX per meter (±20%),1677782.1008468296,1677782.1008468296,1677782.1008468296,0.0,0.0,0.8774786060776879,1.3468482575971095,0.5645655050647393,98208705.7077483,125516403.18474376,70901008.23075283
Start delay (±2 mo),1677782.1008468296,1792114.9894329896,1689979.520955125,114332.88858616003,12197.420108295511,0.8774786060776879,1.1764199722384434,0.8970980712730969,98208705.7077483,134845073.83897388,101255285.71801576
