year,projected_cumulative_units
2024,322217.8991531704
2025,499479.7888097647
2026,731728.8179783986
2027,1000000.0
2028,1268271.1820216014
2029,1500520.2111902353
2030,1677782.1008468296
