units_2030_p10,units_2030_p50,units_2030_p90,time_to_1m_months_p10,time_to_1m_months_p50,time_to_1m_months_p90
1380263.3597296665,1629202.695323302,1879916.9054990055,34.0,39.0,46.0
